{
  "execPath": "C:/Users/PineappleMafia/.platformio/packages/toolchain-gccarmnoneeabi/bin/arm-none-eabi-g++.exe",
  "gccDefaultCFlags": "-fsyntax-only -Os -ffunction-sections -fdata-sections -fsingle-precision-constant -Wall -mthumb --specs=nano.specs --specs=nosys.specs -mcpu=cortex-m3 -fmax-errors=5 -g -fmerge-all-constants -DLPC176X_FRAMEWORK -DTARGET_LPC1768 -DF_CPU=100000000L -DMCU_LPC1768 -DPIO_PLATFORM_VERSION=1001UL -DPIO_FRAMEWORK_VERSION=2002UL -DPLATFORMIO=40200 -DU8G_HAL_LINKS -D__MARLIN_FIRMWARE__ -DARDUINO_ARCH_LPC176X -DARDUINOLPC=10805",
  "gccDefaultCppFlags": "-fsyntax-only -std=gnu++17 -fno-rtti -fno-exceptions -fno-use-cxa-atexit -fno-common -fno-threadsafe-statics -Os -ffunction-sections -fdata-sections -fsingle-precision-constant -Wall -mthumb --specs=nano.specs --specs=nosys.specs -mcpu=cortex-m3 -fmax-errors=5 -g -fmerge-all-constants -DLPC176X_FRAMEWORK -DTARGET_LPC1768 -DF_CPU=100000000L -DMCU_LPC1768 -DPIO_PLATFORM_VERSION=1001UL -DPIO_FRAMEWORK_VERSION=2002UL -DPLATFORMIO=40200 -DU8G_HAL_LINKS -D__MARLIN_FIRMWARE__ -DARDUINO_ARCH_LPC176X -DARDUINOLPC=10805",
  "gccErrorLimit": 15,
  "gccIncludePaths": "E:/3D Printing/Firmware and Control Boards/SKR V1.3/Marlin-bugfix-2.0.x/Marlin,E:/3D Printing/Firmware and Control Boards/SKR V1.3/Marlin-bugfix-2.0.x/.pio/libdeps/LPC1768/SailfishLCD,E:/3D Printing/Firmware and Control Boards/SKR V1.3/Marlin-bugfix-2.0.x/.pio/libdeps/LPC1768/Adafruit NeoPixel,E:/3D Printing/Firmware and Control Boards/SKR V1.3/Marlin-bugfix-2.0.x/.pio/libdeps/LPC1768/TMCStepper_ID5513/src,E:/3D Printing/Firmware and Control Boards/SKR V1.3/Marlin-bugfix-2.0.x/.pio/libdeps/LPC1768/U8glib-HAL_ID1932/src,C:/Users/PineappleMafia/.platformio/packages/framework-arduino-lpc176x/libraries/LiquidCrystal/src,C:/Users/PineappleMafia/.platformio/packages/framework-arduino-lpc176x/libraries/Servo/src,E:/3D Printing/Firmware and Control Boards/SKR V1.3/Marlin-bugfix-2.0.x/Marlin/src/HAL/HAL_LPC1768/include,E:/3D Printing/Firmware and Control Boards/SKR V1.3/Marlin-bugfix-2.0.x/Marlin/src/HAL/HAL_LPC1768/u8g,C:/Users/PineappleMafia/.platformio/packages/framework-arduino-lpc176x/cores/arduino,C:/Users/PineappleMafia/.platformio/packages/framework-arduino-lpc176x/system/CMSIS/include,C:/Users/PineappleMafia/.platformio/packages/framework-arduino-lpc176x/system/CMSIS/lib,C:/Users/PineappleMafia/.platformio/packages/framework-arduino-lpc176x/system/lpc176x,C:/Users/PineappleMafia/.platformio/packages/toolchain-gccarmnoneeabi/arm-none-eabi/include,C:/Users/PineappleMafia/.platformio/packages/toolchain-gccarmnoneeabi/arm-none-eabi/include/c++/9.2.1,C:/Users/PineappleMafia/.platformio/packages/toolchain-gccarmnoneeabi/arm-none-eabi/include/c++/9.2.1/arm-none-eabi,C:/Users/PineappleMafia/.platformio/packages/toolchain-gccarmnoneeabi/lib/gcc/arm-none-eabi/9.2.1/include,C:/Users/PineappleMafia/.platformio/packages/toolchain-gccarmnoneeabi/lib/gcc/arm-none-eabi/9.2.1/include-fixed,C:/Users/PineappleMafia/.platformio/packages/tool-unity,E:/3D Printing/Firmware and Control Boards/SKR V1.3/Marlin-bugfix-2.0.x/include",
  "gccSuppressWarnings": false
}
